{"Energie": {"Wind": 0.0, "Solar": 78.0, "Biomasse": 22.0, "Wasser": 0.0, "Anteil": 0.3, "link": "https://www.karten.energieatlas.bayern.de/start/?c=677751,5422939&z=8.01&l=atkis,37864384-e4fe-47de-8227-619bd33e1eda&t=energie"}, "KFZ": {"Jahr": [2018, 2019, 2020, 2021, 2022, 2023], "Benzin": [141553, 146756, 145489, 139835, 135044, 131347], "Diesel": [95580, 92996, 90587, 86192, 80537, 75837], "Hybrid": [2109, 3284, 5764, 10560, 16866, 23466], "Elektro": [582, 1372, 1579, 2934, 5241, 9290], "Anteil": {"Benzin": 55, "Diesel": 31, "Hybrid": 10, "Elektro": 4}, "link": "https://open.bydata.de/datasets/46251-003-d?locale=de"}, "Bevoelkerung": {"Jahr": [2013, 2014, 2015, 2016, 2017, 2018, 2019, 2020, 2021, 2022, 2023], "Gesamt": [12671, 12793, 12773, 12922, 12920, 12857, 12811, 12795, 12804, 12792, 12629], "Entwicklung": [220, 122, -20, 149, -2, -63, -46, -16, 9, -12, -163], "link": "https://open.bydata.de/datasets/12411-000-d?locale=de"}, "Mobilfunk": {"2G": 100.0, "4G": 100.0, "5G": 100.0, "link": "https://gigabitgrundbuch.bund.de/GIGA/DE/MobilfunkMonitoring/Downloads/start.html"}}