{"Energie": {"Wind": 0.0, "Solar": 89.5, "Biomasse": 10.5, "Wasser": 0.0, "Anteil": 0.5, "link": "https://www.karten.energieatlas.bayern.de/start/?c=677751,5422939&z=8.01&l=atkis,37864384-e4fe-47de-8227-619bd33e1eda&t=energie"}, "KFZ": {"Jahr": [2018, 2019, 2020, 2021, 2022, 2023], "Benzin": [40106, 40271, 40424, 40333, 39769, 39495], "Diesel": [22376, 22925, 23455, 23712, 23487, 22936], "Hybrid": [175, 271, 410, 815, 1535, 2286], "Elektro": [59, 87, 122, 302, 656, 1172], "Anteil": {"Benzin": 60, "Diesel": 35, "Hybrid": 3, "Elektro": 2}, "link": "https://open.bydata.de/datasets/46251-003-d?locale=de"}, "Bevoelkerung": {"Jahr": [2013, 2014, 2015, 2016, 2017, 2018, 2019, 2020, 2021, 2022, 2023], "Gesamt": [5891, 5839, 5773, 5829, 5750, 5775, 5726, 5708, 5722, 5778, 5993], "Entwicklung": [7, -52, -66, 56, -79, 25, -49, -18, 14, 56, 215], "link": "https://open.bydata.de/datasets/12411-000-d?locale=de"}, "Mobilfunk": {"2G": 100.0, "4G": 100.0, "5G": 95.6, "link": "https://gigabitgrundbuch.bund.de/GIGA/DE/MobilfunkMonitoring/Downloads/start.html"}}