{"Energie": {"Wind": 0.0, "Solar": 54.5, "Biomasse": 0.0, "Wasser": 45.5, "Anteil": 1.3, "link": "https://www.karten.energieatlas.bayern.de/start/?c=677751,5422939&z=8.01&l=atkis,37864384-e4fe-47de-8227-619bd33e1eda&t=energie"}, "KFZ": {"Jahr": [2018, 2019, 2020, 2021, 2022, 2023], "Benzin": [52063, 53162, 53763, 54003, 53445, 52942], "Diesel": [30356, 30555, 30683, 30760, 30525, 29750], "Hybrid": [431, 596, 915, 1644, 2695, 3732], "Elektro": [106, 161, 258, 508, 1055, 1783], "Anteil": {"Benzin": 60, "Diesel": 34, "Hybrid": 4, "Elektro": 2}, "link": "https://open.bydata.de/datasets/46251-003-d?locale=de"}, "Bevoelkerung": {"Jahr": [2013, 2014, 2015, 2016, 2017, 2018, 2019, 2020, 2021, 2022, 2023], "Gesamt": [15591, 15621, 15657, 15670, 15742, 15798, 15823, 15789, 15832, 16098, 16169], "Entwicklung": [20, 30, 36, 13, 72, 56, 25, -34, 43, 266, 71], "link": "https://open.bydata.de/datasets/12411-000-d?locale=de"}, "Mobilfunk": {"2G": 100.0, "4G": 100.0, "5G": 84.8, "link": "https://gigabitgrundbuch.bund.de/GIGA/DE/MobilfunkMonitoring/Downloads/start.html"}}