{"Energie": {"Wind": 0.0, "Solar": 75.3, "Biomasse": 24.3, "Wasser": 0.38, "Anteil": 11.7, "link": "https://www.karten.energieatlas.bayern.de/start/?c=677751,5422939&z=8.01&l=atkis,37864384-e4fe-47de-8227-619bd33e1eda&t=energie"}, "KFZ": {"Jahr": [2018, 2019, 2020, 2021, 2022, 2023], "Benzin": [15912, 16096, 16360, 16292, 15941, 15801], "Diesel": [8242, 8205, 8217, 8038, 7788, 7394], "Hybrid": [184, 253, 347, 631, 989, 1355], "Elektro": [39, 67, 108, 222, 410, 582], "Anteil": {"Benzin": 63, "Diesel": 29, "Hybrid": 5, "Elektro": 2}, "link": "https://open.bydata.de/datasets/46251-003-d?locale=de"}, "Bevoelkerung": {"Jahr": [2013, 2014, 2015, 2016, 2017, 2018, 2019, 2020, 2021, 2022, 2023], "Gesamt": [41630, 41565, 41513, 41995, 42176, 42193, 42003, 42073, 42104, 42213, 42601], "Entwicklung": [-130, -65, -52, 482, 181, 17, -190, 70, 31, 109, 388], "link": "https://open.bydata.de/datasets/12411-000-d?locale=de"}, "Mobilfunk": {"2G": 100.0, "4G": 100.0, "5G": 99.4, "link": "https://gigabitgrundbuch.bund.de/GIGA/DE/MobilfunkMonitoring/Downloads/start.html"}}