{"Energie": {"Wind": 0.0, "Solar": 26.8, "Biomasse": 35.0, "Wasser": 38.3, "Anteil": 26.9, "link": "https://www.karten.energieatlas.bayern.de/start/?c=677751,5422939&z=8.01&l=atkis,37864384-e4fe-47de-8227-619bd33e1eda&t=energie"}, "KFZ": {"Jahr": [2018, 2019, 2020, 2021, 2022, 2023], "Benzin": [23479, 24199, 24551, 24787, 24284, 23740], "Diesel": [13757, 13902, 13950, 13848, 13453, 13027], "Hybrid": [222, 305, 488, 902, 1522, 2178], "Elektro": [68, 96, 134, 305, 634, 963], "Anteil": {"Benzin": 59, "Diesel": 32, "Hybrid": 5, "Elektro": 2}, "link": "https://open.bydata.de/datasets/46251-003-d?locale=de"}, "Bevoelkerung": {"Jahr": [2013, 2014, 2015, 2016, 2017, 2018, 2019, 2020, 2021, 2022, 2023], "Gesamt": [64589, 65075, 65764, 66987, 67611, 68396, 68876, 69067, 68981, 69780, 70254], "Entwicklung": [283, 486, 689, 1223, 624, 785, 480, 191, -86, 799, 474], "link": "https://open.bydata.de/datasets/12411-000-d?locale=de"}, "Mobilfunk": {"2G": 100.0, "4G": 100.0, "5G": 98.9, "link": "https://gigabitgrundbuch.bund.de/GIGA/DE/MobilfunkMonitoring/Downloads/start.html"}}