{"Energie": {"Wind": 0.0, "Solar": 27.1, "Biomasse": 28.3, "Wasser": 44.6, "Anteil": 12.5, "link": "https://www.karten.energieatlas.bayern.de/start/?c=677751,5422939&z=8.01&l=atkis,37864384-e4fe-47de-8227-619bd33e1eda&t=energie"}, "KFZ": {"Jahr": [2018, 2019, 2020, 2021, 2022, 2023], "Benzin": [57050, 59373, 60391, 56102, 54044, 53632], "Diesel": [35355, 34035, 31774, 29436, 27638, 27632], "Hybrid": [2372, 2848, 6745, 9239, 11433, 12873], "Elektro": [210, 972, 928, 2047, 3252, 4086], "Anteil": {"Benzin": 54, "Diesel": 28, "Hybrid": 13, "Elektro": 4}, "link": "https://open.bydata.de/datasets/46251-003-d?locale=de"}, "Bevoelkerung": {"Jahr": [2013, 2014, 2015, 2016, 2017, 2018, 2019, 2020, 2021, 2022, 2023], "Gesamt": [128045, 129370, 131405, 132140, 133974, 135538, 137408, 136831, 137314, 138537, 141515], "Entwicklung": [1506, 1325, 2035, 735, 1834, 1564, 1870, -577, 483, 1223, 2978], "link": "https://open.bydata.de/datasets/12411-000-d?locale=de"}, "Mobilfunk": {"2G": 100.0, "4G": 100.0, "5G": 98.7, "link": "https://gigabitgrundbuch.bund.de/GIGA/DE/MobilfunkMonitoring/Downloads/start.html"}}