{"Energie": {"Wind": 0.0, "Solar": 64.0, "Biomasse": 7.4, "Wasser": 28.6, "Anteil": 1.4, "link": "https://www.karten.energieatlas.bayern.de/start/?c=677751,5422939&z=8.01&l=atkis,37864384-e4fe-47de-8227-619bd33e1eda&t=energie"}, "KFZ": {"Jahr": [2018, 2019, 2020, 2021, 2022, 2023], "Benzin": [70099, 71432, 72298, 72389, 71793, 71464], "Diesel": [40650, 41040, 41810, 42170, 42276, 41460], "Hybrid": [463, 638, 954, 1831, 3145, 4594], "Elektro": [219, 319, 457, 881, 1702, 2778], "Anteil": {"Benzin": 59, "Diesel": 34, "Hybrid": 4, "Elektro": 2}, "link": "https://open.bydata.de/datasets/46251-003-d?locale=de"}, "Bevoelkerung": {"Jahr": [2013, 2014, 2015, 2016, 2017, 2018, 2019, 2020, 2021, 2022, 2023], "Gesamt": [18812, 18975, 19435, 19851, 20026, 20226, 20455, 20622, 20608, 20967, 21357], "Entwicklung": [90, 163, 460, 416, 175, 200, 229, 167, -14, 359, 390], "link": "https://open.bydata.de/datasets/12411-000-d?locale=de"}, "Mobilfunk": {"2G": 100.0, "4G": 100.0, "5G": 91.1, "link": "https://gigabitgrundbuch.bund.de/GIGA/DE/MobilfunkMonitoring/Downloads/start.html"}}