{"Energie": {"Wind": 0.0, "Solar": 74.6, "Biomasse": 22.9, "Wasser": 2.5, "Anteil": 2.8, "link": "https://www.karten.energieatlas.bayern.de/start/?c=677751,5422939&z=8.01&l=atkis,37864384-e4fe-47de-8227-619bd33e1eda&t=energie"}, "KFZ": {"Jahr": [2018, 2019, 2020, 2021, 2022, 2023], "Benzin": [51101, 52000, 52590, 52768, 52260, 51274], "Diesel": [22734, 22556, 22586, 22742, 22397, 21757], "Hybrid": [329, 456, 704, 1337, 2212, 3119], "Elektro": [96, 161, 244, 487, 1000, 1667], "Anteil": {"Benzin": 66, "Diesel": 28, "Hybrid": 4, "Elektro": 2}, "link": "https://open.bydata.de/datasets/46251-003-d?locale=de"}, "Bevoelkerung": {"Jahr": [2013, 2014, 2015, 2016, 2017, 2018, 2019, 2020, 2021, 2022, 2023], "Gesamt": [25830, 25976, 24542, 24673, 25424, 25308, 25542, 25582, 25706, 26255, 26233], "Entwicklung": [773, 146, -1434, 131, 751, -116, 234, 40, 124, 549, -22], "link": "https://open.bydata.de/datasets/12411-000-d?locale=de"}, "Mobilfunk": {"2G": 100.0, "4G": 100.0, "5G": 97.6, "link": "https://gigabitgrundbuch.bund.de/GIGA/DE/MobilfunkMonitoring/Downloads/start.html"}}