{"Energie": {"Wind": 0.33, "Solar": 28.8, "Biomasse": 27.3, "Wasser": 43.6, "Anteil": 18.0, "link": "https://www.karten.energieatlas.bayern.de/start/?c=677751,5422939&z=8.01&l=atkis,37864384-e4fe-47de-8227-619bd33e1eda&t=energie"}, "KFZ": {"Jahr": [2018, 2019, 2020, 2021, 2022, 2023], "Benzin": [50032, 53519, 57040, 52844, 49148, 47401], "Diesel": [33592, 33936, 33320, 28903, 27310, 26236], "Hybrid": [542, 797, 1360, 2587, 4092, 5708], "Elektro": [200, 282, 446, 726, 1367, 2091], "Anteil": {"Benzin": 58, "Diesel": 32, "Hybrid": 7, "Elektro": 3}, "link": "https://open.bydata.de/datasets/46251-003-d?locale=de"}, "Bevoelkerung": {"Jahr": [2013, 2014, 2015, 2016, 2017, 2018, 2019, 2020, 2021, 2022, 2023], "Gesamt": [138618, 140476, 142816, 146080, 149331, 151432, 151860, 152737, 152168, 154856, 157464], "Entwicklung": [1938, 1858, 2340, 3264, 3251, 2101, 428, 877, -569, 2688, 2608], "link": "https://open.bydata.de/datasets/12411-000-d?locale=de"}, "Mobilfunk": {"2G": 100.0, "4G": 100.0, "5G": 99.7, "link": "https://gigabitgrundbuch.bund.de/GIGA/DE/MobilfunkMonitoring/Downloads/start.html"}}