{"Energie": {"Wind": 0.0, "Solar": 5.9, "Biomasse": 94.0, "Wasser": 0.09, "Anteil": 11.5, "link": "https://www.karten.energieatlas.bayern.de/start/?c=677751,5422939&z=8.01&l=atkis,37864384-e4fe-47de-8227-619bd33e1eda&t=energie"}, "KFZ": {"Jahr": [2018, 2019, 2020, 2021, 2022, 2023], "Benzin": [73762, 75449, 76854, 77023, 75806, 74619], "Diesel": [38794, 38488, 38183, 37955, 37064, 35895], "Hybrid": [454, 673, 1114, 2209, 3827, 5237], "Elektro": [143, 211, 356, 777, 1586, 2698], "Anteil": {"Benzin": 63, "Diesel": 30, "Hybrid": 4, "Elektro": 2}, "link": "https://open.bydata.de/datasets/46251-003-d?locale=de"}, "Bevoelkerung": {"Jahr": [2013, 2014, 2015, 2016, 2017, 2018, 2019, 2020, 2021, 2022, 2023], "Gesamt": [7652, 7761, 7863, 7988, 8009, 8005, 8014, 8001, 8032, 8081, 8091], "Entwicklung": [43, 109, 102, 125, 21, -4, 9, -13, 31, 49, 10], "link": "https://open.bydata.de/datasets/12411-000-d?locale=de"}, "Mobilfunk": {"2G": 100.0, "4G": 100.0, "5G": 96.1, "link": "https://gigabitgrundbuch.bund.de/GIGA/DE/MobilfunkMonitoring/Downloads/start.html"}}