{"Energie": {"Wind": 0.0, "Solar": 63.7, "Biomasse": 35.8, "Wasser": 0.58, "Anteil": 8.6, "link": "https://www.karten.energieatlas.bayern.de/start/?c=677751,5422939&z=8.01&l=atkis,37864384-e4fe-47de-8227-619bd33e1eda&t=energie"}, "KFZ": {"Jahr": [2018, 2019, 2020, 2021, 2022, 2023], "Benzin": [434072, 443195, 450932, 447336, 439744, 435771], "Diesel": [259324, 263715, 266401, 263338, 259352, 252582], "Hybrid": [2681, 3938, 6113, 11965, 21022, 30145], "Elektro": [917, 1281, 1991, 4148, 8626, 15136], "Anteil": {"Benzin": 59, "Diesel": 34, "Hybrid": 4, "Elektro": 2}, "link": "https://open.bydata.de/datasets/46251-003-d?locale=de"}, "Bevoelkerung": {"Jahr": [2013, 2014, 2015, 2016, 2017, 2018, 2019, 2020, 2021, 2022, 2023], "Gesamt": [1427, 1396, 1431, 1460, 1462, 1482, 1498, 1492, 1461, 1496, 1469], "Entwicklung": [-3, -31, 35, 29, 2, 20, 16, -6, -31, 35, -27], "link": "https://open.bydata.de/datasets/12411-000-d?locale=de"}, "Mobilfunk": {"2G": 100.0, "4G": 100.0, "5G": 99.4, "link": "https://gigabitgrundbuch.bund.de/GIGA/DE/MobilfunkMonitoring/Downloads/start.html"}}