{"Energie": {"Wind": 0.0, "Solar": 19.2, "Biomasse": 64.7, "Wasser": 16.2, "Anteil": 11.2, "link": "https://www.karten.energieatlas.bayern.de/start/?c=677751,5422939&z=8.01&l=atkis,37864384-e4fe-47de-8227-619bd33e1eda&t=energie"}, "KFZ": {"Jahr": [2018, 2019, 2020, 2021, 2022, 2023], "Benzin": [24781, 25237, 25704, 25620, 25143, 24784], "Diesel": [14384, 14304, 14237, 13995, 13545, 13180], "Hybrid": [203, 296, 459, 835, 1387, 1949], "Elektro": [79, 137, 208, 352, 625, 979], "Anteil": {"Benzin": 60, "Diesel": 32, "Hybrid": 5, "Elektro": 2}, "link": "https://open.bydata.de/datasets/46251-003-d?locale=de"}, "Bevoelkerung": {"Jahr": [2013, 2014, 2015, 2016, 2017, 2018, 2019, 2020, 2021, 2022, 2023], "Gesamt": [70725, 71286, 72135, 73622, 75845, 77096, 77764, 77221, 76359, 77812, 80019], "Entwicklung": [-4, 561, 849, 1487, 2223, 1251, 668, -543, -862, 1453, 2207], "link": "https://open.bydata.de/datasets/12411-000-d?locale=de"}, "Mobilfunk": {"2G": 100.0, "4G": 99.6, "5G": 98.6, "link": "https://gigabitgrundbuch.bund.de/GIGA/DE/MobilfunkMonitoring/Downloads/start.html"}}