{"Energie": {"Wind": 0.0, "Solar": 14.4, "Biomasse": 39.5, "Wasser": 46.1, "Anteil": 13.2, "link": "https://www.karten.energieatlas.bayern.de/start/?c=677751,5422939&z=8.01&l=atkis,37864384-e4fe-47de-8227-619bd33e1eda&t=energie"}, "KFZ": {"Jahr": [2018, 2019, 2020, 2021, 2022, 2023], "Benzin": [88430, 89940, 91300, 90654, 89794, 88070], "Diesel": [43526, 43038, 43170, 42593, 41461, 40194], "Hybrid": [1095, 1528, 2208, 3881, 6247, 8482], "Elektro": [145, 212, 373, 797, 1519, 2365], "Anteil": {"Benzin": 63, "Diesel": 29, "Hybrid": 6, "Elektro": 2}, "link": "https://open.bydata.de/datasets/46251-003-d?locale=de"}, "Bevoelkerung": {"Jahr": [2013, 2014, 2015, 2016, 2017, 2018, 2019, 2020, 2021, 2022, 2023], "Gesamt": [273134, 277209, 281603, 286178, 290318, 293014, 295216, 296097, 295496, 297052, 301141], "Entwicklung": [3287, 4075, 4394, 4575, 4140, 2696, 2202, 881, -601, 1556, 4089], "link": "https://open.bydata.de/datasets/12411-000-d?locale=de"}, "Mobilfunk": {"2G": 99.8, "4G": 97.3, "5G": 94.2, "link": "https://gigabitgrundbuch.bund.de/GIGA/DE/MobilfunkMonitoring/Downloads/start.html"}}