{"Energie": {"Wind": 0.0, "Solar": 18.5, "Biomasse": 0.0, "Wasser": 81.5, "Anteil": 3.8, "link": "https://www.karten.energieatlas.bayern.de/start/?c=677751,5422939&z=8.01&l=atkis,37864384-e4fe-47de-8227-619bd33e1eda&t=energie"}, "KFZ": {"Jahr": [2018, 2019, 2020, 2021, 2022, 2023], "Benzin": [52878, 54014, 54772, 55104, 54536, 54092], "Diesel": [30753, 31108, 31384, 31652, 31476, 30748], "Hybrid": [402, 551, 784, 1343, 2242, 3073], "Elektro": [144, 213, 306, 653, 1249, 2102], "Anteil": {"Benzin": 60, "Diesel": 34, "Hybrid": 3, "Elektro": 2}, "link": "https://open.bydata.de/datasets/46251-003-d?locale=de"}, "Bevoelkerung": {"Jahr": [2013, 2014, 2015, 2016, 2017, 2018, 2019, 2020, 2021, 2022, 2023], "Gesamt": [16172, 16205, 16114, 16323, 16515, 16500, 16610, 16447, 16480, 16655, 16756], "Entwicklung": [102, 33, -91, 209, 192, -15, 110, -163, 33, 175, 101], "link": "https://open.bydata.de/datasets/12411-000-d?locale=de"}, "Mobilfunk": {"2G": 100.0, "4G": 100.0, "5G": 100.0, "link": "https://gigabitgrundbuch.bund.de/GIGA/DE/MobilfunkMonitoring/Downloads/start.html"}}