{"Energie": {"Wind": 0.0, "Solar": 70.5, "Biomasse": 5.3, "Wasser": 24.2, "Anteil": 2.1, "link": "https://www.karten.energieatlas.bayern.de/start/?c=677751,5422939&z=8.01&l=atkis,37864384-e4fe-47de-8227-619bd33e1eda&t=energie"}, "KFZ": {"Jahr": [2018, 2019, 2020, 2021, 2022, 2023], "Benzin": [45433, 45994, 46560, 46477, 45938, 45711], "Diesel": [28954, 29711, 30332, 30762, 30632, 29954], "Hybrid": [198, 293, 505, 1137, 2116, 3183], "Elektro": [67, 102, 173, 417, 880, 1585], "Anteil": {"Benzin": 57, "Diesel": 37, "Hybrid": 4, "Elektro": 2}, "link": "https://open.bydata.de/datasets?query=kraftfahrzeugbestand&locale=de&catalog=lfstat&page=1&limit=10&categories=TRAN"}, "Bevoelkerung": {"Jahr": [2013, 2014, 2015, 2016, 2017, 2018, 2019, 2020, 2021, 2022, 2023], "Gesamt": [31750, 31752, 31967, 32287, 32887, 33491, 33665, 33826, 33788, 34664, 35291], "Entwicklung": [190, 2, 215, 320, 600, 604, 174, 161, -38, 876, 627], "link": "https://open.bydata.de/datasets/12411-000-d?locale=de"}, "Mobilfunk": {"2G": 100.0, "4G": 99.4, "5G": 90.7, "link": "https://open.bydata.de/datasets/6b0b713d-1a68-4a78-8730-83823d4407bf~~1?locale=de"}}