{"Energie": {"Wind": 0.0, "Solar": 82.9, "Biomasse": 15.2, "Wasser": 1.8, "Anteil": 11.1, "link": "https://www.karten.energieatlas.bayern.de/start/?c=677751,5422939&z=8.01&l=atkis,37864384-e4fe-47de-8227-619bd33e1eda&t=energie"}, "KFZ": {"Jahr": [2018, 2019, 2020, 2021, 2022, 2023], "Benzin": [15665, 16089, 16477, 16704, 16498, 16389], "Diesel": [9363, 9426, 9622, 9557, 9351, 9074], "Hybrid": [99, 161, 252, 494, 865, 1286], "Elektro": [31, 36, 68, 166, 347, 520], "Anteil": {"Benzin": 60, "Diesel": 33, "Hybrid": 5, "Elektro": 2}, "link": "https://open.bydata.de/datasets?query=kraftfahrzeugbestand&locale=de&catalog=lfstat&page=1&limit=10&categories=TRAN"}, "Bevoelkerung": {"Jahr": [2013, 2014, 2015, 2016, 2017, 2018, 2019, 2020, 2021, 2022, 2023], "Gesamt": [41613, 41867, 42370, 42887, 43348, 43498, 43905, 44202, 44417, 45311, 45969], "Entwicklung": [263, 254, 503, 517, 461, 150, 407, 297, 215, 894, 658], "link": "https://open.bydata.de/datasets/12411-000-d?locale=de"}, "Mobilfunk": {"2G": 100.0, "4G": 97.4, "5G": 89.1, "link": "https://open.bydata.de/datasets/6b0b713d-1a68-4a78-8730-83823d4407bf~~1?locale=de"}}