{"Energie": {"Wind": 41.5, "Solar": 24.9, "Biomasse": 33.6, "Wasser": 0.0, "Anteil": 4.4, "link": "https://www.karten.energieatlas.bayern.de/start/?c=677751,5422939&z=8.01&l=atkis,37864384-e4fe-47de-8227-619bd33e1eda&t=energie"}, "KFZ": {"Jahr": [2018, 2019, 2020, 2021, 2022, 2023], "Benzin": [32744, 32919, 33036, 33055, 32513, 32359], "Diesel": [22853, 23287, 24017, 24318, 24444, 24013], "Hybrid": [116, 179, 302, 577, 1017, 1471], "Elektro": [63, 106, 159, 345, 768, 1257], "Anteil": {"Benzin": 54, "Diesel": 40, "Hybrid": 2, "Elektro": 2}, "link": "https://open.bydata.de/datasets?query=kraftfahrzeugbestand&locale=de&catalog=lfstat&page=1&limit=10&categories=TRAN"}, "Bevoelkerung": {"Jahr": [2013, 2014, 2015, 2016, 2017, 2018, 2019, 2020, 2021, 2022, 2023], "Gesamt": [13101, 13107, 13154, 13302, 13410, 13540, 13600, 13552, 13607, 13746, 13898], "Entwicklung": [66, 6, 47, 148, 108, 130, 60, -48, 55, 139, 152], "link": "https://open.bydata.de/datasets/12411-000-d?locale=de"}, "Mobilfunk": {"2G": 99.8, "4G": 93.1, "5G": 79.3, "link": "https://open.bydata.de/datasets/6b0b713d-1a68-4a78-8730-83823d4407bf~~1?locale=de"}}