{"Energie": {"Wind": 0.0, "Solar": 63.7, "Biomasse": 35.8, "Wasser": 0.58, "Anteil": 8.6, "link": "https://www.karten.energieatlas.bayern.de/start/?c=677751,5422939&z=8.01&l=atkis,37864384-e4fe-47de-8227-619bd33e1eda&t=energie"}, "KFZ": {"Jahr": [2018, 2019, 2020, 2021, 2022, 2023], "Benzin": [15912, 16096, 16360, 16292, 15941, 15801], "Diesel": [8242, 8205, 8217, 8038, 7788, 7394], "Hybrid": [184, 253, 347, 631, 989, 1355], "Elektro": [39, 67, 108, 222, 410, 582], "Anteil": {"Benzin": 63, "Diesel": 29, "Hybrid": 5, "Elektro": 2}, "link": "https://open.bydata.de/datasets?query=kraftfahrzeugbestand&locale=de&catalog=lfstat&page=1&limit=10&categories=TRAN"}, "Bevoelkerung": {"Jahr": [2013, 2014, 2015, 2016, 2017, 2018, 2019, 2020, 2021, 2022, 2023], "Gesamt": [1427, 1396, 1431, 1460, 1462, 1482, 1498, 1492, 1461, 1496, 1469], "Entwicklung": [-3, -31, 35, 29, 2, 20, 16, -6, -31, 35, -27], "link": "https://open.bydata.de/datasets/12411-000-d?locale=de"}, "Mobilfunk": {"2G": 100.0, "4G": 100.0, "5G": 99.4, "link": "https://open.bydata.de/datasets/6b0b713d-1a68-4a78-8730-83823d4407bf~~1?locale=de"}}